"id","image","order"
"4trump","https://coin-images.coingecko.com/coins/images/39919/large/1000164776.jpg?1724798089","77"
"abcde-coin","https://coin-images.coingecko.com/coins/images/39997/large/logoabcde.jpg?1725066674","102"
"achi","https://coin-images.coingecko.com/coins/images/34771/large/IMG_8700.jpeg?1705993312","312"
"achi-inu","https://coin-images.coingecko.com/coins/images/36212/large/ACHI_INU_LOGO_TRANSPARENT.png?1710836306","260"
"ada-the-dog","https://coin-images.coingecko.com/coins/images/33673/large/IMG_6070_%281%29.png?1702702200","146"
"alan-the-alien","https://coin-images.coingecko.com/coins/images/36652/large/3swKY5FN4ENQYYJTYqQzGbT7iEv8yD5UngCWfk3fEVA7.png?1712040995","312"
"alman","https://coin-images.coingecko.com/coins/images/39742/large/token_image.jpg?1723780469","303"
"alux-jownes","https://coin-images.coingecko.com/coins/images/37012/large/jownes.jpeg?1713144702","313"
"american-coin","https://coin-images.coingecko.com/coins/images/37000/large/american-removebg-preview.png?1713149642","314"
"analos","https://coin-images.coingecko.com/coins/images/33855/large/image_4_%286%29.png?1703125199","96"
"anita-max-wynn","https://coin-images.coingecko.com/coins/images/34305/large/Anita_Max_Wynn.jpg?1705500910","315"
"ansem-s-cat","https://coin-images.coingecko.com/coins/images/36708/large/Hobbes_PFP.png?1712126732","316"
"ansom","https://coin-images.coingecko.com/coins/images/36822/large/007CF235-D9EC-4C2C-9138-AE75538F5C8A_1_105_c.jpeg?1712554792","283"
"apes-2","https://coin-images.coingecko.com/coins/images/39760/large/photo_2024-08-16_17.29.08.png?1723903486","27"
"apple-cat","https://coin-images.coingecko.com/coins/images/36349/large/acat.png?1711188328","317"
"argentinacoin","https://coin-images.coingecko.com/coins/images/37876/large/arg_200x200.png?1715832878","318"
"aura-on-sol","https://coin-images.coingecko.com/coins/images/38376/large/aura_pfp.png?1717309607","68"
"awkward-look-monkey-club","https://coin-images.coingecko.com/coins/images/36746/large/Untitled_design__16___1_-removebg-preview_%281%29.png?1712217723","256"
"baba","https://coin-images.coingecko.com/coins/images/35167/large/Baba_Avatar%283%29.png?1707665351","125"
"baby","https://coin-images.coingecko.com/coins/images/36336/large/logo_200.png?1711101798","144"
"bambit","https://coin-images.coingecko.com/coins/images/38728/large/200x200bambitlogo.png?1718478574","230"
"banana-tape-wall","https://coin-images.coingecko.com/coins/images/39533/large/btw.jpg?1722829990","127"
"bananacat-sol","https://coin-images.coingecko.com/coins/images/34521/large/fMQ5my9v_400x400.jpg?1705302139","400"
"bane","https://coin-images.coingecko.com/coins/images/39598/large/bane.jpg?1723063565","268"
"bansky","https://coin-images.coingecko.com/coins/images/39151/large/def.jpg?1720773754","395"
"baobaosol","https://coin-images.coingecko.com/coins/images/35666/large/BAOS_Logo_200_x_200.png?1709484982","310"
"based","https://coin-images.coingecko.com/coins/images/39369/large/based_cg.png?1721931155","392"
"batcat","https://coin-images.coingecko.com/coins/images/36627/large/photo_2024-03-29_21-53-44.jpg?1712015970","384"
"beep-2","https://coin-images.coingecko.com/coins/images/39437/large/logo200.png?1722307319","381"
"beercoin-2","https://coin-images.coingecko.com/coins/images/38123/large/beer_%281%29.jpg?1716544500","34"
"beluga-cat","https://coin-images.coingecko.com/coins/images/36108/large/200xbeluga.png?1710484958","379"
"ben-the-dog","https://coin-images.coingecko.com/coins/images/36994/large/Q1DO0l9F_400x400.jpg?1713002175","38"
"bibi-2","https://coin-images.coingecko.com/coins/images/37629/large/bibi_resize.jpg?1715071609","377"
"bill-the-bear","https://coin-images.coingecko.com/coins/images/39290/large/BILL_THE_BEAR.jpg?1721590036","116"
"billi","https://coin-images.coingecko.com/coins/images/39524/large/Billi200x200.png?1722792999","307"
"billy","https://coin-images.coingecko.com/coins/images/38745/large/BILLY.jpg?1718680214","29"
"bingus-the-cat","https://coin-images.coingecko.com/coins/images/34391/large/NJy34Zwd_400x400.jpg?1704783819","191"
"birb-3","https://coin-images.coingecko.com/coins/images/35762/large/birb.png?1709748416","365"
"bird-dog-on-sol","https://coin-images.coingecko.com/coins/images/36861/large/bdogpfp.png?1716581808","364"
"bitard","https://coin-images.coingecko.com/coins/images/38045/large/IMG_3413.jpeg?1716351769","356"
"bitcat","https://coin-images.coingecko.com/coins/images/36733/large/IMG_0030.jpeg?1712170535","351"
"black-swan","https://coin-images.coingecko.com/coins/images/39636/large/BlackSwanSmall_Logo.png?1723268387","249"
"blinks-gg","https://coin-images.coingecko.com/coins/images/39794/large/QmTz16M9Te1xQrBkPfuuZaq1rhfKCjNj1QSwGE32mbDS9Y_%281%29_%281%29.png?1724117373","74"
"blood-2","https://coin-images.coingecko.com/coins/images/40019/large/bloodcoin-geckoformat.png?1725345425","330"
"blue-whale-2","https://coin-images.coingecko.com/coins/images/36134/large/Bluewhale_1.jpg?1710585630","206"
"bob-2","https://coin-images.coingecko.com/coins/images/39223/large/GSd6NydWMAAgk0r_%281%29.jpg?1721182747","281"
"boba-oppa","https://coin-images.coingecko.com/coins/images/36548/large/photo_2024-03-30_13.26.25.jpeg?1711781233","21"
"bobby","https://coin-images.coingecko.com/coins/images/38957/large/photo_2024-06-26_21-34-13.jpg?1719690896","400"
"bogus","https://coin-images.coingecko.com/coins/images/39500/large/bogus.jpeg?1722579552","100"
"bonk","https://coin-images.coingecko.com/coins/images/28600/large/bonk.jpg?1696527587","2"
"bonk-2-0-sol","https://coin-images.coingecko.com/coins/images/35814/large/imresizer-1709790961908.jpg?1709885046","222"
"bonk-wif-glass","https://coin-images.coingecko.com/coins/images/37558/large/f16032a5-3c13-4a5f-a395-7981cb876055.jpeg?1714841006","399"
"bonkwifhat","https://coin-images.coingecko.com/coins/images/35726/large/photo_2024-02-28_16-07-19_%281%29.jpg?1709635605","396"
"book-of-billionaires","https://coin-images.coingecko.com/coins/images/37451/large/BOOK_OF_BILLIONAIRES.png?1714448116","399"
"book-of-dyor","https://coin-images.coingecko.com/coins/images/39065/large/DYOR_Token_Image.png?1720171769","392"
"book-of-meme","https://coin-images.coingecko.com/coins/images/36071/large/bome.png?1710407255","4"
"book-of-meow","https://coin-images.coingecko.com/coins/images/36761/large/Bomeow_200_x_200_ver_2.png?1712256586","390"
"bookofbullrun","https://coin-images.coingecko.com/coins/images/36951/large/boob.jpeg?1712898241","397"
"boosey","https://coin-images.coingecko.com/coins/images/39123/large/photo_2024-07-09_11-30-31.png?1720627699","155"
"boppy","https://coin-images.coingecko.com/coins/images/39114/large/2024-07-08_23.19.18.jpg?1720588728","192"
"bork-2","https://coin-images.coingecko.com/coins/images/34094/large/BORK.jpg?1703947837","113"
"borpa","https://coin-images.coingecko.com/coins/images/39367/large/Borpa.png?1721903190","389"
"bossie","https://coin-images.coingecko.com/coins/images/39301/large/bossie_200x200.png?1721630877","187"
"bouncing-seals","https://coin-images.coingecko.com/coins/images/34352/large/IMG_8237.png?1704703833","388"
"bozo-hybrid","https://coin-images.coingecko.com/coins/images/34555/large/bozo.png?1705370111","30"
"brainlet-2","https://coin-images.coingecko.com/coins/images/39419/large/Brainlet.png?1722223012","33"
"brainrot","https://coin-images.coingecko.com/coins/images/37885/large/IMG_6286.JPG?1721838515","121"
"bridged-maga-wormhole","https://coin-images.coingecko.com/coins/images/37326/large/maga.jpeg?1714024436","387"
"brodogcoin","https://coin-images.coingecko.com/coins/images/39668/large/bro_%281%29.jpg?1723573792","250"
"broke-again","https://coin-images.coingecko.com/coins/images/39417/large/IMG_20240721_171923_597.jpg?1722185253","385"
"buddy-2","https://coin-images.coingecko.com/coins/images/39106/large/buddydexadds.png?1720556297","271"
"bul","https://coin-images.coingecko.com/coins/images/36786/large/photo_2024-04-03_18-40-07.png?1712344854","204"
"bullish","https://coin-images.coingecko.com/coins/images/39418/large/bullishaf_2_optimized.png?1722194692","289"
"bunnie","https://coin-images.coingecko.com/coins/images/40113/large/A0X4U-0q_400x400_%281%29.jpg?1725828429","80"
"burrrd","https://coin-images.coingecko.com/coins/images/34068/large/Captura_de_ecr%C3%A3_2023-12-26_182935.png?1703821353","383"
"buttercat","https://coin-images.coingecko.com/coins/images/39525/large/buttercat.png?1722794202","131"
"bwull","https://coin-images.coingecko.com/coins/images/50181/large/Bwull.png?1726166210","133"
"cafe","https://coin-images.coingecko.com/coins/images/39239/large/CAFElogo200.png?1721273885","95"
"cat-dog","https://coin-images.coingecko.com/coins/images/39452/large/CatDog.png?1722316768","65"
"cat-duck","https://coin-images.coingecko.com/coins/images/40063/large/cat_duck_CG.jpg?1725461298","151"
"cat-getting-fade","https://coin-images.coingecko.com/coins/images/36647/large/100x100.png?1714241338","380"
"cat-in-a-dogs-world","https://coin-images.coingecko.com/coins/images/36440/large/MEW.png?1711442286","5"
"cat-poop-joystick","https://coin-images.coingecko.com/coins/images/39561/large/n64.jpg?1722924100","292"
"catcoin-cash","https://coin-images.coingecko.com/coins/images/25279/large/cat5.png?1696524419","44"
"catfish","https://coin-images.coingecko.com/coins/images/35157/large/CatFish_Trans.png?1707564230","253"
"catgpt","https://coin-images.coingecko.com/coins/images/37350/large/Screenshot_2024-04-26_at_9.01.48_AM.png?1714093334","168"
"catino","https://coin-images.coingecko.com/coins/images/36655/large/catino-png_%28200%29.png?1712041708","378"
"cato","https://coin-images.coingecko.com/coins/images/17031/large/CATO200newlogo.png?1696516594","216"
"cats-n-cars","https://coin-images.coingecko.com/coins/images/39562/large/cnc_token_CMC_black_transparent.png?1722924251","81"
"catsolhat","https://coin-images.coingecko.com/coins/images/38006/large/token-resized.png?1716270480","141"
"catvax","https://coin-images.coingecko.com/coins/images/36589/large/Cv45Y7Ue_400x400.jpg?1711948641","375"
"catwifbag","https://coin-images.coingecko.com/coins/images/36122/large/Safeimagekit-resized-img_%281%29.png?1710496069","130"
"catwifhat-2","https://coin-images.coingecko.com/coins/images/35267/large/download_%283%29.png?1708021220","25"
"catwifhat-3","https://coin-images.coingecko.com/coins/images/36709/large/Catwif_Logo.png?1712127006","190"
"caviar-meme","https://coin-images.coingecko.com/coins/images/39011/large/Caviar.png?1719890514","374"
"chair","https://coin-images.coingecko.com/coins/images/39511/large/904q8nZA_400x400.jpg?1722659603","261"
"cheems","https://coin-images.coingecko.com/coins/images/18358/large/newlogo.png?1696517850","94"
"cheese-2","https://coin-images.coingecko.com/coins/images/37156/large/cheese_icon_500x500.png?1713499473","115"
"chexbacca","https://coin-images.coingecko.com/coins/images/37110/large/chuba_%281%29.jpg?1713327173","373"
"chilly","https://coin-images.coingecko.com/coins/images/39203/large/Uv23QNBb_400x400_%281%29.jpg?1721034531","372"
"chinu-2","https://coin-images.coingecko.com/coins/images/34610/large/chinuHeadLogo200.png?1705499604","371"
"chipi","https://coin-images.coingecko.com/coins/images/33936/large/607bdffb-f88b-445f-975a-d21b073aebf1-1704710196625.jpg?1705759804","235"
"chitan","https://coin-images.coingecko.com/coins/images/39559/large/photo_2024-07-23_23-21-48.jpg?1722915494","157"
"chudjak","https://coin-images.coingecko.com/coins/images/37739/large/chud_avatar.png?1715357823","60"
"chump-change","https://coin-images.coingecko.com/coins/images/37957/large/1000027926.jpg?1716096795","370"
"cig","https://coin-images.coingecko.com/coins/images/39678/large/imresizer-1723577471855.jpg?1723610975","221"
"coby","https://coin-images.coingecko.com/coins/images/39685/large/IMG_1845.png?1723657697","104"
"contract-address-meme","https://coin-images.coingecko.com/coins/images/33991/large/photo_2023-12-25_23-55-15.jpg?1703589583","367"
"conviction","https://coin-images.coingecko.com/coins/images/39354/large/photo_2024-07-16_19-39-58.jpg?1721888100","364"
"cool","https://coin-images.coingecko.com/coins/images/39390/large/yJUROpVR_400x400-2.png?1721974951","363"
"coolcoin","https://coin-images.coingecko.com/coins/images/37454/large/IMG_5565.jpeg?1714448890","360"
"cope-2","https://coin-images.coingecko.com/coins/images/39423/large/Cope_Icon_%281%29.png?1722224715","359"
"costco-hot-dog","https://coin-images.coingecko.com/coins/images/36995/large/cost.jpeg?1713007240","358"
"cozy-pepe","https://coin-images.coingecko.com/coins/images/37340/large/cozy-pepe-200.png?1718928479","357"
"crabbie","https://coin-images.coingecko.com/coins/images/39133/large/VA3ZMQB__400x400.jpg?1720684299","354"
"crazy-monkey","https://coin-images.coingecko.com/coins/images/39186/large/1000144709.jpg?1720852117","62"
"croc-cat","https://coin-images.coingecko.com/coins/images/34701/large/croc_cat_OG_200px_x_200px_png.png?1716656908","352"
"crocdog","https://coin-images.coingecko.com/coins/images/35915/large/16_copy.png?1710186021","351"
"crochet-world","https://coin-images.coingecko.com/coins/images/35528/large/Photoroom_20240226_184429.png?1709031846","350"
"croco","https://coin-images.coingecko.com/coins/images/35120/large/CROCO_%283%29.png?1707410022","304"
"crodie","https://coin-images.coingecko.com/coins/images/34829/large/telegram-peer-photo-size-4-5875179807258558127-1-0-0_1.png?1706196775","140"
"crunchcat","https://coin-images.coingecko.com/coins/images/34559/large/webclip.png?1705382738","348"
"crying-cat","https://coin-images.coingecko.com/coins/images/39655/large/GUoNXs9W8AIUr0m_%281%29.jpg?1723480556","138"
"cryptoboomcoin-official","https://coin-images.coingecko.com/coins/images/39747/large/IMG_4394.jpeg?1723782392","347"
"culture-of-solana-token","https://coin-images.coingecko.com/coins/images/39311/large/costlogo.jpeg?1721699984","346"
"czolana","https://coin-images.coingecko.com/coins/images/36093/large/FreeImageKit.com_Img-size%28200x200%29px.png?1713292883","344"
"daddy-tate","https://coin-images.coingecko.com/coins/images/38684/large/DADDY_TATE.png?1718336003","17"
"dancing-triangle","https://coin-images.coingecko.com/coins/images/34329/large/logo-dancing-triangle.png?1704667791","341"
"dark-maga","https://coin-images.coingecko.com/coins/images/39302/large/DMAGATokenImage1.png?1721631042","89"
"dawkoin","https://coin-images.coingecko.com/coins/images/36484/large/Dawkoins_200x200.png?1713144683","272"
"dermophis-donaldtrumpi","https://coin-images.coingecko.com/coins/images/38574/large/200x200.png?1718009313","339"
"diamond-the-cat-coin","https://coin-images.coingecko.com/coins/images/39330/large/DM.png?1721744556","122"
"didi-duck","https://coin-images.coingecko.com/coins/images/38513/large/duck.PNG?1717754820","209"
"doge-for-president","https://coin-images.coingecko.com/coins/images/38115/large/VotesLogoH.png?1718836859","229"
"dogeboy-2","https://coin-images.coingecko.com/coins/images/37705/large/dogeboy.jpeg?1715249905","333"
"doginthpool","https://coin-images.coingecko.com/coins/images/35705/large/89fb196e-ba96-4eeb-80a5-966aaf6e1cc4_%281%29.jpeg?1709580701","169"
"dogwifceo","https://coin-images.coingecko.com/coins/images/39565/large/200x200.png?1722925846","332"
"dogwifcoin","https://coin-images.coingecko.com/coins/images/33566/large/dogwifhat.jpg?1702499428","1"
"dogy","https://coin-images.coingecko.com/coins/images/39755/large/Dogy.png?1723812869","244"
"dollar-2","https://coin-images.coingecko.com/coins/images/39312/large/pfp_200x200.png?1721706165","215"
"dollarmoon-2","https://coin-images.coingecko.com/coins/images/40145/large/dollarmoon.jpg?1726034229","330"
"donald-tremp","https://coin-images.coingecko.com/coins/images/35871/large/tremp.jpeg?1709974567","40"
"donaldcat","https://coin-images.coingecko.com/coins/images/37757/large/jpgtopngconverter-com_28.jpg?1715447762","329"
"donkee","https://coin-images.coingecko.com/coins/images/38991/large/1000117979.jpg?1719807665","327"
"donkey-king","https://coin-images.coingecko.com/coins/images/37648/large/anh_dai_dien_1_00001.png?1721751777","220"
"dony-montana","https://coin-images.coingecko.com/coins/images/40076/large/about_Kopie.png?1725513204","154"
"doogle","https://coin-images.coingecko.com/coins/images/38898/large/Doogle_PFP.png?1719433959","181"
"dotz","https://coin-images.coingecko.com/coins/images/39980/large/new_c2.png?1725023377","167"
"drako","https://coin-images.coingecko.com/coins/images/34333/large/drako_logo.png?1704668657","322"
"drunk-chicken-centipede","https://coin-images.coingecko.com/coins/images/40075/large/IMG_4995.jpeg?1725512615","207"
"dub-duck","https://coin-images.coingecko.com/coins/images/36606/large/dub.png.jpg?1711964167","321"
"duck-the-doug","https://coin-images.coingecko.com/coins/images/38416/large/DOUGLOGO.png?1717478804","319"
"duckyduck","https://coin-images.coingecko.com/coins/images/39213/large/1000000958.png?1721107123","158"
"duk-on-sol","https://coin-images.coingecko.com/coins/images/36864/large/duk.png?1712643873","318"
"duko","https://coin-images.coingecko.com/coins/images/35301/large/WhatsApp_Image_2024-02-14_at_18.46.11.jpeg?1708084869","39"
"eagle-of-truth","https://coin-images.coingecko.com/coins/images/39822/large/egl.jpg?1724192968","70"
"eddie-seal","https://coin-images.coingecko.com/coins/images/38418/large/eddie_200x200.png?1717481062","202"
"edm","https://coin-images.coingecko.com/coins/images/39858/large/EDM_logo_v2.png?1724373363","301"
"egg","https://coin-images.coingecko.com/coins/images/34419/large/egcggg.png?1704821338","213"
"eggdog","https://coin-images.coingecko.com/coins/images/33754/large/Egg_%28Custom%29.png?1702946771","174"
"egypt-cat","https://coin-images.coingecko.com/coins/images/38543/large/Egypt_Cat.png?1717927842","317"
"el-changuito","https://coin-images.coingecko.com/coins/images/39616/large/Chango.png?1723145314","277"
"el-gato","https://coin-images.coingecko.com/coins/images/33735/large/el_gato.png?1710475690","345"
"elawn-moosk","https://coin-images.coingecko.com/coins/images/37282/large/photo_2024-04-18_10-36-03.jpg?1713943688","198"
"elizabath-whoren","https://coin-images.coingecko.com/coins/images/35896/large/whoren.jpeg?1710162544","346"
"elon-trump","https://coin-images.coingecko.com/coins/images/39022/large/IMG_20240630_111845_951.jpg?1719975774","347"
"epep","https://coin-images.coingecko.com/coins/images/36076/large/photo_2024-07-20_18-44-48.jpg?1721594713","348"
"eye-earn","https://coin-images.coingecko.com/coins/images/32631/large/1001138768.png?1708166634","82"
"faptax","https://coin-images.coingecko.com/coins/images/39853/large/faptax.jpg?1724357493","349"
"fatgf","https://coin-images.coingecko.com/coins/images/39515/large/FATGF.png?1722660912","166"
"feg","https://coin-images.coingecko.com/coins/images/39764/large/FEG.png?1724010682","302"
"felicette-the-space-cat","https://coin-images.coingecko.com/coins/images/36619/large/20240428_100746_0000.png?1715762108","297"
"fight","https://coin-images.coingecko.com/coins/images/39449/large/FIGHT.jpg?1722311523","203"
"findme","https://coin-images.coingecko.com/coins/images/37631/large/soldev.jpeg?1715073146","350"
"floating-tim","https://coin-images.coingecko.com/coins/images/38559/large/IMG_7697.jpeg?1718000905","351"
"floof","https://coin-images.coingecko.com/coins/images/19810/large/FLOOF_logo_200x200.png?1696519230","315"
"frankenfrog","https://coin-images.coingecko.com/coins/images/39450/large/GTLNw82bgAE0Wol.jpeg?1722311771","142"
"freecz","https://coin-images.coingecko.com/coins/images/37514/large/Screenshot_2024-04-29_at_22.19.03.png?1714630486","352"
"freemoon-2","https://coin-images.coingecko.com/coins/images/37823/large/MoreGen_FreeMoon-logo-200.png?1715662357","231"
"frog-2","https://coin-images.coingecko.com/coins/images/38981/large/photo_2024-06-22_00.53.25.jpeg?1719801853","353"
"frogie","https://coin-images.coingecko.com/coins/images/38580/large/frogie.png?1718087431","354"
"fwog","https://coin-images.coingecko.com/coins/images/39453/large/fwog.png?1722318442","9"
"gameboy","https://coin-images.coingecko.com/coins/images/35839/large/IMG_5561.jpeg?1709889272","227"
"gay","https://coin-images.coingecko.com/coins/images/39492/large/gaycoin-transparent.png?1722485593","225"
"gecko-meme","https://coin-images.coingecko.com/coins/images/33712/large/1gecko-coin-logo-compressed.png?1702867288","162"
"gerta","https://coin-images.coingecko.com/coins/images/37733/large/IMG_20240511_174511_683.png?1715717218","355"
"gigacat","https://coin-images.coingecko.com/coins/images/39382/large/1000002313.png?1721960285","356"
"gigacat-2","https://coin-images.coingecko.com/coins/images/39970/large/Gigacat.png?1724960079","240"
"gigachad-2","https://coin-images.coingecko.com/coins/images/34755/large/IMG_0015.png?1705957165","6"
"giko-cat","https://coin-images.coingecko.com/coins/images/38088/large/giko200x200.png?1716482183","97"
"ginnan-the-cat","https://coin-images.coingecko.com/coins/images/39466/large/profile_ginnan.png?1722400201","26"
"glub","https://coin-images.coingecko.com/coins/images/37787/large/geckoimg.png?1715586310","306"
"gme","https://coin-images.coingecko.com/coins/images/34930/large/GMEstop_%281%29_%281%29.png?1706689237","24"
"gmeow-cat","https://coin-images.coingecko.com/coins/images/36679/large/200x200.png?1719148455","217"
"good-boy","https://coin-images.coingecko.com/coins/images/37608/large/CG_Listing_Logo.png?1715048735","359"
"good-morning-3","https://coin-images.coingecko.com/coins/images/39610/large/cmc-200x200.png?1723092378","182"
"goofy","https://coin-images.coingecko.com/coins/images/39767/large/1000055084.jpg?1724034881","109"
"gpu-inu","https://coin-images.coingecko.com/coins/images/35663/large/GPUInu.png?1709462459","360"
"gringo","https://coin-images.coingecko.com/coins/images/39836/large/EbZh3FDVcgnLNbh1ooatcDL1RCRhBgTKirFKNoGPpump.png?1724254879","165"
"grumpie","https://coin-images.coingecko.com/coins/images/39611/large/22222.jpg?1723092460","293"
"guacamole","https://coin-images.coingecko.com/coins/images/30119/large/Guacamole_Twitter_Icon.png?1715041813","63"
"gugu","https://coin-images.coingecko.com/coins/images/50182/large/IMG_4144.PNG?1726166784","208"
"gummy","https://coin-images.coingecko.com/coins/images/37191/large/GUMMY_UPDATE_LOGO_ORI.png?1713672760","66"
"habi","https://coin-images.coingecko.com/coins/images/39400/large/photo_2024-07-21_23-28-55.jpg?1721980360","312"
"habibi-sol","https://coin-images.coingecko.com/coins/images/37155/large/t.mehabibixyz_sol.png?1713499221","48"
"hahayes","https://coin-images.coingecko.com/coins/images/39509/large/200x200_hahayes_logo_%281%29.png?1722659241","147"
"half-of-pepe","https://coin-images.coingecko.com/coins/images/40114/large/cmDeEncE_400x4w00.jpg?1725829004","226"
"hami","https://coin-images.coingecko.com/coins/images/36491/large/hamipng.png?1711570068","118"
"harambe-2","https://coin-images.coingecko.com/coins/images/34668/large/haram_%281%29.jpg?1705655145","31"
"harold","https://coin-images.coingecko.com/coins/images/36698/large/2024-03-27_20.34.08.jpg?1712117457","362"
"hat-solana","https://coin-images.coingecko.com/coins/images/35687/large/jpgtopngconverter-com_4.jpg?1709532187","363"
"hawk-tuah","https://coin-images.coingecko.com/coins/images/38827/large/hawktuah.jpg?1719126345","145"
"hazel","https://coin-images.coingecko.com/coins/images/39656/large/photo_2024-08-11_15.28.24.jpeg?1723502508","291"
"heeeheee","https://coin-images.coingecko.com/coins/images/37129/large/MHehlsrE_400x400.jpg?1713384529","137"
"hege","https://coin-images.coingecko.com/coins/images/36873/large/download.png?1712646256","32"
"hehecat","https://coin-images.coingecko.com/coins/images/39164/large/LOGO.png?1720778696","61"
"hit-meeee-upp","https://coin-images.coingecko.com/coins/images/39996/large/hmu_200x200.png?1725066476","186"
"honk","https://coin-images.coingecko.com/coins/images/34532/large/200_goose.png?1705323721","126"
"huh-cat","https://coin-images.coingecko.com/coins/images/37845/large/LOGO1.png?1715756307","364"
"hulvin","https://coin-images.coingecko.com/coins/images/37056/large/hulvin_logo.png?1713171767","237"
"hund","https://coin-images.coingecko.com/coins/images/36663/large/hundlogo.png?1712043350","103"
"hunter-boden","https://coin-images.coingecko.com/coins/images/37335/large/rsz_439555773_266838546453388_7823738945499639295_n.jpg?1714276409","365"
"husky-2","https://coin-images.coingecko.com/coins/images/40122/large/photo_2024-09-08_20.43.56_%281%29.jpeg?1725898016","280"
"iiii-lovvv-youuuu","https://coin-images.coingecko.com/coins/images/39397/large/ILYcto.png?1721979314","170"
"ikigai","https://coin-images.coingecko.com/coins/images/39434/large/Ikigai_logo.jpg?1722296943","205"
"illusion","https://coin-images.coingecko.com/coins/images/39293/large/illusion_icon.png?1721596796","366"
"in-memes-we-trust","https://coin-images.coingecko.com/coins/images/39876/large/453099824_3423906961228751_8430386027008923816_n_copy.jpg?1724618109","255"
"inbred-cat","https://coin-images.coingecko.com/coins/images/37605/large/inbred_cat2.jpg?1714986694","367"
"independence-token","https://coin-images.coingecko.com/coins/images/37105/large/Token_Image.png?1721025878","223"
"inusol","https://coin-images.coingecko.com/coins/images/39534/large/maininu.PNG?1722837321","92"
"iq50","https://coin-images.coingecko.com/coins/images/36184/large/AbVsOUMX_400x400.jpg?1710758729","98"
"jack","https://coin-images.coingecko.com/coins/images/38964/large/_JACK.png?1719710184","369"
"jacky","https://coin-images.coingecko.com/coins/images/39081/large/Jacky.png?1720384679","263"
"jani","https://coin-images.coingecko.com/coins/images/39405/large/Jani_Logo.png?1722052550","370"
"japan-coin","https://coin-images.coingecko.com/coins/images/37637/large/IMG_2215.jpeg?1715105408","371"
"jason-derulo","https://coin-images.coingecko.com/coins/images/38837/large/jason.png?1719199062","105"
"jeo-boden","https://coin-images.coingecko.com/coins/images/35872/large/boden.jpeg?1709974700","93"
"jetcat","https://coin-images.coingecko.com/coins/images/39507/large/1000173564.png?1722583493","211"
"jill-boden","https://coin-images.coingecko.com/coins/images/36814/large/new_profile_for_new_main_X_latest.jpg?1720472686","309"
"john-the-coin","https://coin-images.coingecko.com/coins/images/37450/large/john_200.png?1714447947","372"
"joram-poowel","https://coin-images.coingecko.com/coins/images/36834/large/povel.jpg?1712560220","373"
"jose","https://coin-images.coingecko.com/coins/images/40136/large/Jose_Circle_Logo_200x200.png?1725969599","185"
"jungledoge","https://coin-images.coingecko.com/coins/images/37918/large/IMG_20240516_170126_320.jpg?1715935974","374"
"justanegg-2","https://coin-images.coingecko.com/coins/images/36425/large/Untitled_design_%2821%29.png?1712253875","150"
"kabal","https://coin-images.coingecko.com/coins/images/37690/large/Kabal_Profile_%283%29.png?1715231073","375"
"kabosu-on-sol","https://coin-images.coingecko.com/coins/images/38187/large/input-onlinepngtools.png?1716788705","376"
"kai","https://coin-images.coingecko.com/coins/images/39673/large/cglogo.png?1723608779","296"
"kamala-horris","https://coin-images.coingecko.com/coins/images/38310/large/IMG_20240423_144352_440.jpg?1717051879","64"
"kek-on-sol","https://coin-images.coingecko.com/coins/images/40005/large/Kek_on_Sol.png?1725220580","247"
"keyboard-cat","https://coin-images.coingecko.com/coins/images/34163/large/hahaha.png?1704214565","136"
"king-2","https://coin-images.coingecko.com/coins/images/30183/large/king.png?1696529102","224"
"king-3","https://coin-images.coingecko.com/coins/images/39994/large/dexicon.png?1725065891","180"
"king-sugar-glider","https://coin-images.coingecko.com/coins/images/39674/large/1000044971.png?1723608945","257"
"kitten-haimer","https://coin-images.coingecko.com/coins/images/35900/large/LOGO_200.jpg?1710165599","52"
"kittenwifhat","https://coin-images.coingecko.com/coins/images/37107/large/200x200.png?1717274000","148"
"koala-ai","https://coin-images.coingecko.com/coins/images/36342/large/KOALA_AI.png?1711181247","19"
"koi","https://coin-images.coingecko.com/coins/images/33923/large/Untitled_design.png?1703374437","379"
"kolt","https://coin-images.coingecko.com/coins/images/39622/large/1000160354.jpg?1723175852","152"
"kooky","https://coin-images.coingecko.com/coins/images/39009/large/twitter_icon.png?1719889491","380"
"kratom","https://coin-images.coingecko.com/coins/images/39949/large/_KRATOMite_Mascot_%28fixed%29.jpg?1724901835","311"
"kung-fucat","https://coin-images.coingecko.com/coins/images/39167/large/logo-for-dexscreener.jpg?1721593928","236"
"landlord-roland","https://coin-images.coingecko.com/coins/images/39061/large/photo_2024-07-02_13-51-03.jpg?1720170858","381"
"laser-shark","https://coin-images.coingecko.com/coins/images/39654/large/lasershark.jpg?1723478238","300"
"latte","https://coin-images.coingecko.com/coins/images/39422/large/latte-profil.png?1722224658","258"
"let-him-cook","https://coin-images.coingecko.com/coins/images/39026/large/LHC_new_pfp.jpg?1719984997","101"
"lfgo","https://coin-images.coingecko.com/coins/images/39325/large/2u98MM7DMtVmNG4iAKRNMtynjmkzgD6fXAzB3wVfhQvg.png?1721719697","99"
"lil-bub","https://coin-images.coingecko.com/coins/images/39277/large/Lil_Bub.jpg?1721396334","296"
"lil-bub-on-sol","https://coin-images.coingecko.com/coins/images/39433/large/zr94AzUI_400x400.jpg?1722296594","265"
"loaf-cat","https://coin-images.coingecko.com/coins/images/34106/large/Fi19x9G-_400x400.png?1703976276","254"
"lock-in","https://coin-images.coingecko.com/coins/images/38646/large/lockin.png?1718212159","47"
"locust-pocus","https://coin-images.coingecko.com/coins/images/37175/large/Main.png?1713512035","274"
"lol-2","https://coin-images.coingecko.com/coins/images/36428/large/xxsa.png?1711433398","382"
"lola","https://coin-images.coingecko.com/coins/images/34586/large/IMAGE_2024-01-13_15_43_59.png?1705424068","282"
"lola-2","https://coin-images.coingecko.com/coins/images/36522/large/lola_%28200%29.jpg?1711699411","383"
"lola-cat","https://coin-images.coingecko.com/coins/images/37769/large/LOLA.png?1715565676","384"
"look-bro","https://coin-images.coingecko.com/coins/images/50169/large/look_bro_logo.png?1726137173","177"
"lord-of-sol","https://coin-images.coingecko.com/coins/images/37722/large/a1.jpg?1715332977","188"
"louie-the-raccoon","https://coin-images.coingecko.com/coins/images/40117/large/1000170087.jpg?1725835708","160"
"low-quality-cat","https://coin-images.coingecko.com/coins/images/40013/large/logosmall.png?1725231457","197"
"luci","https://coin-images.coingecko.com/coins/images/50180/large/LUCI_PP_%282%29.jpg?1726165973","87"
"lumi-2","https://coin-images.coingecko.com/coins/images/39350/large/QmYZSKcyxW2WSDWdfMcAZHwCExFgdi1sjCp3NQ6SpDFagj.png?1721887435","275"
"mad-2","https://coin-images.coingecko.com/coins/images/39064/large/IMG_1063.jpeg?1720171543","37"
"maga-doge","https://coin-images.coingecko.com/coins/images/38618/large/1000007713.jpg?1718108633","386"
"maga-pepe","https://coin-images.coingecko.com/coins/images/38211/large/25496154_272f007f-09b0-442a-8c60-fc39a6c2e454_%281%29.png?1716799032","387"
"maga-pepe-eth","https://coin-images.coingecko.com/coins/images/38420/large/MAGA_PEPE.jpg?1717481617","388"
"maga-shiba","https://coin-images.coingecko.com/coins/images/38528/large/1000007697.jpg?1717762253","389"
"maga-vp","https://coin-images.coingecko.com/coins/images/37462/large/1000017296.jpg?1714451792","106"
"maneki","https://coin-images.coingecko.com/coins/images/37292/large/image.png?1713947985","16"
"manifest-on-sol","https://coin-images.coingecko.com/coins/images/39098/large/manifestcat.jpg?1720507464","117"
"maru-taro","https://coin-images.coingecko.com/coins/images/40043/large/CTvOd86j_400x400.jpg?1725393313","390"
"maxcat","https://coin-images.coingecko.com/coins/images/37508/large/maxmeme_Kopie_2.png?1714618907","299"
"mcbroken","https://coin-images.coingecko.com/coins/images/34317/large/IMAGE_2024-01-06_17_07_21.jpg?1704621110","391"
"melon-dog","https://coin-images.coingecko.com/coins/images/33933/large/Melon_dog_logo.png?1705865915","164"
"michicoin","https://coin-images.coingecko.com/coins/images/37309/large/5mbK36SZ7J19An8jFochhQS4of8g6BwUjbeCSxBSoWdp.jpeg?1713952829","12"
"milady-wif-hat","https://coin-images.coingecko.com/coins/images/36993/large/avt.jpg?1713000085","392"
"milei-solana","https://coin-images.coingecko.com/coins/images/37619/large/1000038050.jpg?1715063293","393"
"milkbag","https://coin-images.coingecko.com/coins/images/38780/large/milkbag.jpg?1718829611","88"
"milleniumsweghunter69","https://coin-images.coingecko.com/coins/images/40096/large/1000018779.png?1725631478","239"
"mimany","https://coin-images.coingecko.com/coins/images/36880/large/WhatsApp_Image_2024-04-07_at_18.28.00_b3b694de.jpg?1712647410","210"
"mindcoin-2","https://coin-images.coingecko.com/coins/images/39510/large/a1.png?1722659536","110"
"minimini","https://coin-images.coingecko.com/coins/images/37777/large/image_%284%29.png?1715581636","35"
"mochicat","https://coin-images.coingecko.com/coins/images/36687/large/MochiCat.png?1712075738","395"
"mongy","https://coin-images.coingecko.com/coins/images/39152/large/Untitled_design_%2827%29.png?1720773986","129"
"monkey-2","https://coin-images.coingecko.com/coins/images/36296/large/photo_2024-03-13_23.03.03.png?1711042660","195"
"monkey-pox","https://coin-images.coingecko.com/coins/images/39971/large/Monkey_Pox.png?1724960349","15"
"monkeyhaircut","https://coin-images.coingecko.com/coins/images/33915/large/monk_logo.png?1704136516","112"
"monku","https://coin-images.coingecko.com/coins/images/37045/large/1000018832.jpg?1713163560","397"
"moocat","https://coin-images.coingecko.com/coins/images/37701/large/1000034966.jpg?1715245272","135"
"moonscape-2","https://coin-images.coingecko.com/coins/images/39940/large/photo_2024-08-25_04-56-52_%281%29.jpg?1724880876","132"
"moontrump","https://coin-images.coingecko.com/coins/images/37344/large/trump.jpg?1714059656","398"
"moth-2","https://coin-images.coingecko.com/coins/images/39173/large/moth.?1720799168","76"
"mother-iggy","https://coin-images.coingecko.com/coins/images/38269/large/mother.png?1716954537","14"
"motion-coin","https://coin-images.coingecko.com/coins/images/37642/large/images_%285%29_%281%29.png?1715120475","387"
"mumu-the-bull-3","https://coin-images.coingecko.com/coins/images/35966/large/24581.png?1710261982","8"
"munch","https://coin-images.coingecko.com/coins/images/36304/large/munch-coin.png?1711089857","389"
"muva","https://coin-images.coingecko.com/coins/images/39013/large/MUVA_Coingecko.png?1719906416","390"
"myra","https://coin-images.coingecko.com/coins/images/34531/large/IMG_20240113_180227_311.jpg?1705323398","391"
"myro","https://coin-images.coingecko.com/coins/images/32878/large/MYRO_200x200.png?1699709942","10"
"neiro","https://coin-images.coingecko.com/coins/images/39411/large/neiro.jpg?1722145809","84"
"neiro-2","https://coin-images.coingecko.com/coins/images/39412/large/Neiro.jpg?1722146282","72"
"neversol","https://coin-images.coingecko.com/coins/images/35077/large/sxMrdihH_400x400_%281%29.jpg?1707301310","111"
"nib","https://coin-images.coingecko.com/coins/images/39600/large/nibonsol.jpg?1723064824","288"
"nobiko-coin","https://coin-images.coingecko.com/coins/images/36651/large/AYABiqKuTh9Va5Aqc6AujFevHwDGmECGQiFmKW5g3K4Z.jpg?1712040734","153"
"nole","https://coin-images.coingecko.com/coins/images/37910/large/tokk.png?1715935181","278"
"nomnom","https://coin-images.coingecko.com/coins/images/39099/large/nomnom-cg-token-image.png?1720508795","120"
"npc-on-solana","https://coin-images.coingecko.com/coins/images/38840/large/Untitled_design-62.png?1719200321","79"
"nutflex","missing_large.png","319"
"occer","https://coin-images.coingecko.com/coins/images/40016/large/_OCCER.png?1725343532","313"
"odie-on-sol","https://coin-images.coingecko.com/coins/images/37551/large/1000006923.jpg?1714734683","320"
"omni-2","https://coin-images.coingecko.com/coins/images/39322/large/photo_2024-07-06_11-48-13.jpg?1721710750","234"
"orc","https://coin-images.coingecko.com/coins/images/39155/large/orklogo.jpeg?1720774663","49"
"otti","https://coin-images.coingecko.com/coins/images/39105/large/CU3l3QFX_400x400.jpg?1720553558","323"
"pajamas-cat","https://coin-images.coingecko.com/coins/images/36007/large/pajamas_logo-100x100.png?1713379929","78"
"party-2","https://coin-images.coingecko.com/coins/images/34286/large/IMG_9066.jpeg?1704453749","325"
"party-parrot","https://coin-images.coingecko.com/coins/images/39402/large/Party_Parrot.png?1722051979","326"
"paul","https://coin-images.coingecko.com/coins/images/39724/large/CTO_%281%29.png?1723736150","262"
"peanie","https://coin-images.coingecko.com/coins/images/37577/large/peanie.png?1714958785","124"
"pedro-meme","https://coin-images.coingecko.com/coins/images/38480/large/cg200.png?1717656441","316"
"peng","https://coin-images.coingecko.com/coins/images/35800/large/peng200x200.png?1709813288","41"
"pepcat","https://coin-images.coingecko.com/coins/images/36688/large/1000146490.jpg?1712083933","318"
"pepe-cto","https://coin-images.coingecko.com/coins/images/38095/large/IPvPiKG5_400x400.jpg?1716495589","316"
"pepe-maga","https://coin-images.coingecko.com/coins/images/38455/large/pepemaga.jpeg?1717562330","317"
"pepe-on-fire","https://coin-images.coingecko.com/coins/images/37188/large/Pepe.png?1713667355","175"
"pepe-skull","https://coin-images.coingecko.com/coins/images/38734/large/SKULL_.png?1720134540","294"
"pepe-sol","https://coin-images.coingecko.com/coins/images/38218/large/photo_5949643725443547660_m_%283%29.jpg?1716825989","73"
"pepe-solana","https://coin-images.coingecko.com/coins/images/35195/large/jpgtopngconverter-com.jpg?1707829922","320"
"pepe-trump","https://coin-images.coingecko.com/coins/images/37560/large/Icon_2.png?1714872973","212"
"pepe-undead","https://coin-images.coingecko.com/coins/images/37884/large/IMG_20240515_133802_547.jpg?1715841516","232"
"pepe-uwu","https://coin-images.coingecko.com/coins/images/33691/large/Resized_AvEWEWA5_200x200_%281%29.png?1702796454","269"
"pepecoin-on-sol","https://coin-images.coingecko.com/coins/images/34026/large/pepecoin-on-solana-coingecko-logo-200x200px.jpg?1716734361","319"
"pepig","https://coin-images.coingecko.com/coins/images/39096/large/IMG_5670.jpeg?1720506692","323"
"pepinu-sol","https://coin-images.coingecko.com/coins/images/38525/large/PEPINU_200_x_200.png?1717759994","324"
"phteven","https://coin-images.coingecko.com/coins/images/34120/large/Phteve.jpeg?1704046341","325"
"pineapple-cat","https://coin-images.coingecko.com/coins/images/37562/large/PCAT-LOGO.png?1714876305","326"
"pino","https://coin-images.coingecko.com/coins/images/38737/large/IMG_20240616_132008_895.jpg?1718591579","119"
"pipi","https://coin-images.coingecko.com/coins/images/38568/large/PIPI_LOGO_200.png?1718007792","290"
"pitbull-2","https://coin-images.coingecko.com/coins/images/39623/large/20240808_071428.jpg?1723176382","287"
"pixi","https://coin-images.coingecko.com/coins/images/38189/large/PIXI-ICON.png?1716789648","328"
"pojak","https://coin-images.coingecko.com/coins/images/39432/large/Icon.png?1722289339","163"
"ponke","https://coin-images.coingecko.com/coins/images/33929/large/ponke.png?1703415326","7"
"ponkei-the-chinese-ponke","https://coin-images.coingecko.com/coins/images/39670/large/PONKEI.jpg?1723605698","267"
"ponzi","https://coin-images.coingecko.com/coins/images/37328/large/photo_2024-04-22_22.38.33.jpeg?1714025278","331"
"poodlana","https://coin-images.coingecko.com/coins/images/39791/large/Poodlana_Icon_500x500.png?1724114753","143"
"pooku","https://coin-images.coingecko.com/coins/images/39608/large/0wT8og7m_400x400_%283%29.jpg?1723091396","285"
"popcat","https://coin-images.coingecko.com/coins/images/33760/large/image.jpg?1702964227","3"
"popcorn-meme","https://coin-images.coingecko.com/coins/images/39360/large/popc.jpg?1721891566","334"
"popdog","https://coin-images.coingecko.com/coins/images/34572/large/Popdog_Logo_200.png?1705527906","335"
"popdog-2","https://coin-images.coingecko.com/coins/images/39176/large/popdog.png?1720799699","279"
"potato-3","https://coin-images.coingecko.com/coins/images/36153/large/potate.jpeg?1710740911","336"
"pou","https://coin-images.coingecko.com/coins/images/35833/large/IMG_1404.jpeg?1709888248","264"
"poupe","https://coin-images.coingecko.com/coins/images/40106/large/1000155112.png?1725696752","337"
"pressdog","https://coin-images.coingecko.com/coins/images/39248/large/press_dog_avatar.png?1721279830","273"
"prick","https://coin-images.coingecko.com/coins/images/38552/large/Pickle_Rick.png?1717985574","338"
"puffy","https://coin-images.coingecko.com/coins/images/40077/large/puffycmc.png?1725513408","50"
"pundu","https://coin-images.coingecko.com/coins/images/36990/large/CTMV1dZU_400x400.jpg?1712998068","69"
"pungu","https://coin-images.coingecko.com/coins/images/39059/large/Logo_%281%29.png?1720170438","340"
"punk-3","https://coin-images.coingecko.com/coins/images/39866/large/IMG_20240821_233206_383.jpg?1724380448","149"
"puppet-on-sol","https://coin-images.coingecko.com/coins/images/39414/large/Puppet.png?1722181244","342"
"quilson","https://coin-images.coingecko.com/coins/images/38521/large/logo_s.png?1717758608","298"
"r-snoofi","https://coin-images.coingecko.com/coins/images/39826/large/r_snoofi.png?1724204843","59"
"real-2","https://coin-images.coingecko.com/coins/images/39467/large/real_pfp_RAW.jpg?1722400348","343"
"real-nigger-tate","https://coin-images.coingecko.com/coins/images/38534/large/tate.png?1717785682","91"
"reserve-currency-dogs","https://coin-images.coingecko.com/coins/images/39074/large/HIGH_RES_LOGO_200x200.jpg?1720235454","345"
"retardio","https://coin-images.coingecko.com/coins/images/35759/large/RETARDIO_LOGO-200x200.png?1709726267","18"
"ribbit-2","https://coin-images.coingecko.com/coins/images/33042/large/download_%281%29.png?1700428625","86"
"richquack","https://coin-images.coingecko.com/coins/images/16356/large/57198446-0-Get-Rich-Quick-Gober.png?1696515955","22"
"rock-2","https://coin-images.coingecko.com/coins/images/34375/large/m0x31ZCuqG640Dvteo-GmiKaLvD7YvmLnV7WrT7Ugmo.png?1704762840","349"
"rocky-the-dog","https://coin-images.coingecko.com/coins/images/33482/large/ROCKY.png?1702020138","178"
"rocky-the-rock","https://coin-images.coingecko.com/coins/images/39137/large/ROCKY.jpg?1720706260","71"
"rod-ai","https://coin-images.coingecko.com/coins/images/35948/large/logo.png?1710234425","193"
"sad-hamster","https://coin-images.coingecko.com/coins/images/35878/large/Photo_March_8_2024.jpg?1709982693","43"
"saddy","https://coin-images.coingecko.com/coins/images/39370/large/saddy_sq200.png?1721931727","353"
"sage-universe","https://coin-images.coingecko.com/coins/images/39053/large/AB.png?1720157343","355"
"salt-bae-for-the-people","https://coin-images.coingecko.com/coins/images/39389/large/SBAE.jpg?1721972230","356"
"samoyedcoin","https://coin-images.coingecko.com/coins/images/15051/large/IXeEj5e.png?1696514710","23"
"samurai-cat","https://coin-images.coingecko.com/coins/images/37251/large/Samurai_cat.jpeg?1713863682","284"
"schizo","https://coin-images.coingecko.com/coins/images/39523/large/photo_2024-07-24_00-42-32.jpg?1722792383","245"
"scottish","https://coin-images.coingecko.com/coins/images/37801/large/IMG_20240507_070744_124.jpg?1715590254","286"
"scrat","https://coin-images.coingecko.com/coins/images/38903/large/IMG_20240624_082344_277.png?1719469640","243"
"seal-sol","https://coin-images.coingecko.com/coins/images/37235/large/1000003649.png?1713795596","196"
"sealwifhat","https://coin-images.coingecko.com/coins/images/35186/large/-SI.png?1707813689","361"
"selfiesteve","https://coin-images.coingecko.com/coins/images/38314/large/F100035E-88A7-40F4-88FF-C386E2AC743A.jpeg?1717053198","308"
"send-2","https://coin-images.coingecko.com/coins/images/39222/large/photo1719676966.jpeg?1721182505","362"
"sharbi","https://coin-images.coingecko.com/coins/images/29075/large/Sharbi_New_Logo_200x200.png?1712686416","67"
"shark-cat","https://coin-images.coingecko.com/coins/images/36562/large/shark.jpeg?1715148291","45"
"sheesh-3","https://coin-images.coingecko.com/coins/images/39395/large/ADBB5270-4850-4236-93D5-0C7B36885726.jpg?1721977478","365"
"shroom","https://coin-images.coingecko.com/coins/images/36229/large/GhVzgklJ_400x400.jpg?1710945332","366"
"sigma","https://coin-images.coingecko.com/coins/images/39408/large/sigma_logo.jpg?1722053407","53"
"silky","https://coin-images.coingecko.com/coins/images/39254/large/photo_2024-07-18_07.36.28.jpeg?1721326186","368"
"silly-goose","https://coin-images.coingecko.com/coins/images/35832/large/A3QjTsho_400x400.jpg?1709888121","139"
"sillycat","https://coin-images.coingecko.com/coins/images/35156/large/Sillycat.png?1707563872","369"
"sillynubcat","https://coin-images.coingecko.com/coins/images/36168/large/nub.jpeg?1710746127","51"
"sin","https://coin-images.coingecko.com/coins/images/35155/large/logo200x200.png?1707590486","171"
"skibidi-toilet-2","https://coin-images.coingecko.com/coins/images/39471/large/Skibidi_Toilet.png?1722401492","85"
"slerf","https://coin-images.coingecko.com/coins/images/36178/large/slerf.jpeg?1710753228","11"
"slime","https://coin-images.coingecko.com/coins/images/39551/large/IMG_4821.jpeg?1722893293","176"
"slothana","https://coin-images.coingecko.com/coins/images/38036/large/Sloth_logo.jpeg?1716328366","46"
"smoking-chicken-fish","https://coin-images.coingecko.com/coins/images/39351/large/WhatsApp_Image_2024-07-24_at_10.00.55_16d8d2ca.jpg?1721887591","20"
"smoking-eagle-dog","https://coin-images.coingecko.com/coins/images/39856/large/Untitled_design_%2846%29.png?1724358533","276"
"smoking-giraffe","https://coin-images.coingecko.com/coins/images/38029/large/Fzm02gJE_400x400.jpg?1716322311","376"
"snap-kero","https://coin-images.coingecko.com/coins/images/36137/large/snap.jpg?1710653195","56"
"snapcat","https://coin-images.coingecko.com/coins/images/36678/large/SNAPCAT.png?1715233731","377"
"sniff","https://coin-images.coingecko.com/coins/images/37729/large/IMG_0369.jpeg?1715335189","379"
"snoopybabe","https://coin-images.coingecko.com/coins/images/36239/large/1000004914.png?1710919052","242"
"socks","https://coin-images.coingecko.com/coins/images/38405/large/SOCKS.jpg?1717462593","381"
"socomfy","https://coin-images.coingecko.com/coins/images/34322/large/comfy_round_logo.png?1704646404","382"
"solala","https://coin-images.coingecko.com/coins/images/36807/large/coin2small.png?1712474606","252"
"solama","https://coin-images.coingecko.com/coins/images/34218/large/IMG_20240101_195943_869.jpg?1704278901","54"
"solamander","https://coin-images.coingecko.com/coins/images/34734/large/soly_200x200_center.png?1710078854","384"
"solordi","https://coin-images.coingecko.com/coins/images/33994/large/IMAGE_2024-03-17_15_56_13.jpg?1713056828","173"
"solpaca","https://coin-images.coingecko.com/coins/images/35967/large/200x200xxx.png?1710264509","246"
"solpaka","https://coin-images.coingecko.com/coins/images/36151/large/solpaka-logo.png?1710740227","386"
"solympics","https://coin-images.coingecko.com/coins/images/39421/large/20240722_222108.png?1722223967","295"
"sonic-solana","https://coin-images.coingecko.com/coins/images/39338/large/IMG_3972.jpeg?1721798793","305"
"soyjak-2","https://coin-images.coingecko.com/coins/images/39337/large/Soyjak.png?1721798222","159"
"spike","https://coin-images.coingecko.com/coins/images/38526/large/Spike.png?1717760431","218"
"spike-2","https://coin-images.coingecko.com/coins/images/38982/large/Spike_the_original.png?1719802000","251"
"starecat","https://coin-images.coingecko.com/coins/images/39218/large/IMG_0372.jpeg?1721109184","184"
"starri","https://coin-images.coingecko.com/coins/images/37770/large/STARRI.jpg?1715568092","391"
"stooges","https://coin-images.coingecko.com/coins/images/37974/large/rsz_img_20240518_003502_514.jpg?1716195543","161"
"success-kid","https://coin-images.coingecko.com/coins/images/36072/large/IMG_0865.jpeg?1718481910","393"
"talahon","https://coin-images.coingecko.com/coins/images/39357/large/1000145212.jpg?1721889113","394"
"tang-ping-cat","https://coin-images.coingecko.com/coins/images/37749/large/tpcat-logo-200x200.png?1715443626","395"
"taylor-swift-s-cat","https://coin-images.coingecko.com/coins/images/34693/large/BENJI.jpg?1705855114","396"
"teh-epik-duck","https://coin-images.coingecko.com/coins/images/36823/large/tehjp_%281%29.jpeg?1712555027","58"
"test-token-please-ignore","https://coin-images.coingecko.com/coins/images/37724/large/eugene.jpg?1715333716","398"
"the-big-grift","https://coin-images.coingecko.com/coins/images/39185/large/1000134034.jpg?1720851780","214"
"the-bitcoin-killa","https://coin-images.coingecko.com/coins/images/37994/large/Killa.png?1716225600","400"
"the-ear-stays-on","https://coin-images.coingecko.com/coins/images/39245/large/j8o8OP3_-_Imgur.png?1721278229","398"
"the-professor","https://coin-images.coingecko.com/coins/images/37428/large/LOGO.png?1714379015","114"
"the-real-landwolf","https://coin-images.coingecko.com/coins/images/38789/large/IMG_0920.png?1719160056","28"
"the-soldog","https://coin-images.coingecko.com/coins/images/38505/large/logo2.png?1718152402","325"
"thumb","https://coin-images.coingecko.com/coins/images/39704/large/pfp_3.png?1723701140","134"
"time","https://coin-images.coingecko.com/coins/images/39380/large/time.jpg?1721959934","107"
"tired-of-it-all","https://coin-images.coingecko.com/coins/images/39003/large/logo200x200n-removebg-preview.png?1719822990","327"
"toad-sol","https://coin-images.coingecko.com/coins/images/38446/large/photo_2024-06-03_00.06.28.png?1717556439","259"
"tombili-the-fat-cat","https://coin-images.coingecko.com/coins/images/35957/large/fatcat_200x200.png?1710254517","328"
"tommy","https://coin-images.coingecko.com/coins/images/40009/large/IMG_0619.jpeg?1725223227","238"
"tongue-cat","https://coin-images.coingecko.com/coins/images/36767/large/500%282%29.png?1712284795","329"
"tooker-kurlson","https://coin-images.coingecko.com/coins/images/36887/large/IMG_7753.jpeg?1712650736","57"
"top-g","https://coin-images.coingecko.com/coins/images/38533/large/topg.png?1717784814","330"
"tori-the-cat","https://coin-images.coingecko.com/coins/images/37434/large/image.jpg?1714380005","75"
"torsy","https://coin-images.coingecko.com/coins/images/39372/large/c6jy1Eh8_400x400.jpg?1721950579","108"
"trolli-cto","https://coin-images.coingecko.com/coins/images/40101/large/TROLLI_CTO.png?1725694438","248"
"trumpie","https://coin-images.coingecko.com/coins/images/38409/large/trumpie.jpg?1717470810","241"
"twinny","https://coin-images.coingecko.com/coins/images/39296/large/Twinny_Icon_Dex.jpeg?1721623342","333"
"twotalkingcats","https://coin-images.coingecko.com/coins/images/36581/large/twocats_cg.png?1711944539","334"
"ufopepe","https://coin-images.coingecko.com/coins/images/39882/large/200_x_200.png?1724624210","189"
"upsidedowncat-2","https://coin-images.coingecko.com/coins/images/39144/large/upsidedowncat_blue_OG.png?1720762267","194"
"urmom","https://coin-images.coingecko.com/coins/images/34327/large/image_123650291_%282%29.JPG?1704650727","335"
"venko","https://coin-images.coingecko.com/coins/images/39953/large/venko_%281%29.jpg?1724903222","128"
"waffles","https://coin-images.coingecko.com/coins/images/37349/large/result.jpeg?1714074413","42"
"wall-street-baby-on-solana","https://coin-images.coingecko.com/coins/images/36900/large/C76682D7-D7B2-4097-B18D-ACEC2723C7AE.png?1712677777","337"
"water-coin","https://coin-images.coingecko.com/coins/images/38876/large/water.jpg?1719336812","83"
"wawacat","https://coin-images.coingecko.com/coins/images/34350/large/Wawa.jpeg?1704701648","339"
"wen","https://coin-images.coingecko.com/coins/images/31835/large/Wen_small.png?1696530649","340"
"wen-4","https://coin-images.coingecko.com/coins/images/34856/large/wen-solana.png?1707872119","13"
"wenwifhat","https://coin-images.coingecko.com/coins/images/36482/large/imresizer-1710511720486.jpg?1711536959","270"
"whales-club","https://coin-images.coingecko.com/coins/images/36453/large/photo_2024-07-09_23-58-27.jpg?1720632088","266"
"what-s-updog","https://coin-images.coingecko.com/coins/images/35706/large/updog.png?1709581846","156"
"white-boy-summer","https://coin-images.coingecko.com/coins/images/38069/large/wbs_logo_just_hat_200x200.jpg?1716446030","343"
"white-coffee-cat","https://coin-images.coingecko.com/coins/images/36700/large/IMG_0757.jpeg?1712118462","344"
"wifejak","https://coin-images.coingecko.com/coins/images/37066/large/wifejakcoversquaregecko.jpg?1713179609","228"
"wild-goat-coin-2","https://coin-images.coingecko.com/coins/images/37966/large/COIN_200x200.png?1716778831","179"
"willy-2","https://coin-images.coingecko.com/coins/images/39336/large/IMG_8090.png?1721797523","345"
"wimpo","https://coin-images.coingecko.com/coins/images/39156/large/photo_5985510378857152609_y.jpg?1720774989","346"
"wizzie","https://coin-images.coingecko.com/coins/images/39478/large/rOaEL5vf_400x400.jpg?1722459639","199"
"wolf-of-solana","https://coin-images.coingecko.com/coins/images/36989/large/wos.jpg?1712951010","347"
"wolfwifballz","https://coin-images.coingecko.com/coins/images/35903/large/ballz-logo.png?1710171305","219"
"woof-token","https://coin-images.coingecko.com/coins/images/18319/large/woof-logo-svg-true-solana-radient-blackinside.png?1696517810","172"
"work","https://coin-images.coingecko.com/coins/images/40021/large/work.png?1725345740","348"
"work-for-your-bags-2","https://coin-images.coingecko.com/coins/images/39297/large/work.jpg?1721623746","349"
"wrapped-dog","https://coin-images.coingecko.com/coins/images/39596/large/wdog-logo.png?1723037567","36"
"wrinkle-the-duck","https://coin-images.coingecko.com/coins/images/37547/large/wrinkle_logo.png?1714734304","350"
"xp-3","https://coin-images.coingecko.com/coins/images/39527/large/avatar.jpg?1722807472","183"
"yotoshi","https://coin-images.coingecko.com/coins/images/33965/large/Yotoshi_logo.png?1703571338","351"
"younes","https://coin-images.coingecko.com/coins/images/39676/large/younes_pfp.jpg?1723610594","123"
"yuge-meme","https://coin-images.coingecko.com/coins/images/34311/large/Yuge.png?1704618805","353"
"yukie","https://coin-images.coingecko.com/coins/images/39918/large/2024-08-27_19.46.48.jpg?1724787447","200"
"yumi","https://coin-images.coingecko.com/coins/images/39973/large/IMG_0677.jpeg?1724970078","201"
"yunki","https://coin-images.coingecko.com/coins/images/34276/large/yunki-pfp.png?1705368766","354"
"zack-morris","https://coin-images.coingecko.com/coins/images/37982/large/1000000298.jpg?1716204057","55"
"zaza-2","https://coin-images.coingecko.com/coins/images/39671/large/ZAZA.png?1723605820","314"
"zazu","https://coin-images.coingecko.com/coins/images/37607/large/ZAZU_%281%29.jpg?1715046006","233"
"zoomer-sol","https://coin-images.coingecko.com/coins/images/38215/large/2024-07-15_14.40.32.jpg?1721116313","90"
